Hex_Code,sample,order
#520dc0,B73,1
#FFE303,B14,2
#6fb1e5,282set_B14A,3
#01aeef,207,4
#00c628,Mo17,5
#f20006,Oh43,6
#003ac8,A632,7
#a499ff,B37,8
#301855,PHG39,9
#ff6c20,OH7,10
#ef964e,LH123HT,11
#630039,282set_Wf9,12
#ff5968,282set_A635,13
#2d5987,B68,14
#01a96e,282set_A634,15
#ff4e72,282set_B64,16
#8b0017,CM105,17
#770073,282set_B84,18
#ef00a1,B76,19
#005093,H84,20
#0177a1,282set_A641,21
#d6a32c,282set_CI187-2,22
#9200b9,282set_I205,23
#7163ff,282set_N28Ht,24
#2a6000,W64A,25
#ff7459,282set_A619,26
#3567ff,LH82,27
#6b2412,Pa91,28
#535421,282set_C103,29
#00ad82,Va26,30
#593800,282set_H49,31
#3a7c00,282set_MO1W,32
#4a81ff,Oh40B,33
#543a67,Oh7B,34
#ff64af,282set_C123,35
#cb0042,282set_A654,36
#76d4e3,282set_Va59,37
#cd9900,282set_R177,38
#000688,282set_R4,39
#a10025,282set_B164,40
#a766ff,282set_Va85,41
#3d3e56,282set_38-11Goodman-Buckler,42
#b19e00,282set_Os420,43
#f382e6,282set_A239,44
#7c4c00,282set_A556,45
#0174b9,282set_H99,46
#94004a,W22,47
#026df9,A554,48
#01a761,B97,49
#dc90e3,282set_CMV3,50
#bb6aff,282set_W182B,51
#5b8400,282set_W117Ht,52
#4f3c4e,282set_T8,53
#01609b,282set_B57,54
#a89d00,282set_K55,55
#660005,282set_Mt42,56
#853400,282set_CM7,57
#012ab8,282set_MS1334,58
#5a00a2,282set_Va17,59
#7ba97d,740,62
#ff3b87,764,63
#f600b9,779,64
#5fbe76,787,65
#a70085,790,66
#b28dff,794,67
#c1ab33,807,68
#b2b024,1538,69
#ff5353,5707,71
#004295,6103,72
#0173ad,78004,74
#801400,78010,75
#0196c7,29MIBZ2,76
#7398ff,2FACC,77
#854700,3IBZ2,79
#684d00,4676A,80
#a82d00,4N506,81
#a5b256,6M502,82
#0264c9,78002A,83
#5d0490,78371A,84
#b9ad4d,78551S,85
#7caaff,83IBI3,86
#a477ff,87916W,87
#d092f6,B09,88
#3d3e06,B47,89
#d03cf0,BCC03,90
#ff76ed,DJ7,92
#006fe2,E8501,93
#bd0029,F42,94
#783e32,FAPW,95
#ee85fb,FBHJ,96
#76014e,HB8229,98
#272f8f,IBB14,99
#028bd5,IBB15,100
#bf9af3,IBC2,101
#b3000a,J8606,102
#00846c,L127,103
#f20079,L135,104
#6d5e00,L139,105
#448100,LH1,106
#003418,LH119,107
#7a7f00,LH127,108
#7838e6,LH128,109
#008132,LH132,110
#616b00,LH143,111
#e474ff,LH145,112
#53a3ff,LH149,113
#0129c4,LH156,114
#ff3248,LH160,115
#0066e4,LH162,116
#7f8bff,LH190,117
#008ce8,LH191,118
#00abae,LH192,119
#ff0069,LH193,120
#273774,LH194,121
#b0ae6f,LH196,122
#004c9e,LH202,123
#96a9e9,LH205,124
#93a0ff,LH208,125
#7f6000,LH215,126
#ff5f9f,LH220Ht,127
#008468,LH38,128
#376f00,LH39,129
#ff2a98,LH51,130
#a75700,LH52,131
#9a00ad,LH54,132
#dc93d1,LH57,133
#7673ff,LH59,134
#007034,LH60,135
#006744,LH61,136
#4fb8e5,LH65,137
#ff4d3b,LH74,138
#e489ef,LH85,139
#2d386a,LH93,140
#0170c2,LIBC4,141
#cca564,Lp215D,142
#d4009d,LP5,143
#c90080,MBNA,144
#c17000,MBPM,145
#391ba7,MBSJ,146
#869900,MBST,147
#ff36a6,MDF-13D,149
#ff4e95,MM402A,150
#74baac,NS701,151
#9112cf,OQ603,152
#846d3d,PB80,153
#343181,PHBA6,154
#f027e0,PHG35,155
#658b00,PHG47,156
#c3aa73,PHG50,157
#050f40,PHG71,158
#f387cb,PHG72,159
#5f2f0f,PHG83,160
#627eb1,PHG84,161
#005b2b,PHG86,162
#dd016b,PHH93,163
#ad8a88,PHJ31,164
#a9b303,PHJ33,165
#df0053,PHJ40,166
#dc003a,PHJ70,167
#6b7cff,PHJ75,168
#970097,PHK05,169
#ff50f0,PHK35,170
#5a3202,PHK42,171
#a40071,PHK76,172
#cd3900,PHK93,173
#ff53db,PHM10,174
#651868,PHM57,175
#0135b6,PHM81,176
#ef946d,PHN11,177
#d5a06f,PHN29,178
#00b667,PHN37,179
#FFFF00,PHN66,181
#83bb39,PHN73,182
#f65800,PHN82,183
#5f009e,PHP55,185
#d3937d,PHP60,186
#01a467,PHP76,187
#86ba4b,PHP85,188
#104516,PHPR5,189
#b5ae87,PHR25,190
#c59500,PHR30,191
#b79a00,PHR32,192
#ff75e9,PHR36,193
#245000,PHR58,196
#e49d00,PHR63,197
#522a69,PHT10,198
#771024,PHT22,199
#374c00,PHT55,200
#692330,PHT60,201
#8ab67e,PHT69,202
#cb58ff,PHV37,204
#5c1287,PHV53,205
#009a3b,PHV78,206
#e52400,PHW03,207
#744ffd,PHW17,208
#ff8e1b,PHW20,209
#ea3ff2,PHW30,210
#e69689,PHW43,211
#83006b,PHW51,212
#0045b4,PHW52,213
#f00027,PHW79,214
#6e1259,PHWG5,215
#9f4fff,PHZ51,216
#de96b3,Q381,217
#ff8a4b,RS710,218
#ff8190,S8324,219
#ff60c8,S8326,220
#3a643b,Seagu1117,221
#b86eff,SX-4-21,222
#0146df,SX-6-7,223
#74002a,W8555,225
#342895,WIL900,227
